{
  "cross_track": -0.7407915565569541,
  "along_track": 1.3341778880196127,
  "radius_of_maximum_winds": -0.8077025666773388,
  "max_sustained_wind_speed": -0.2850918515981443
}