{
  "cross_track": 0.41952685712644355,
  "along_track": -2.037680390724358,
  "radius_of_maximum_winds": 0.7254828591124207,
  "max_sustained_wind_speed": -1.3936080537571676
}