{
  "cross_track": -0.40076476952373247,
  "along_track": 0.6479915072724606,
  "radius_of_maximum_winds": -0.058709333579706646,
  "max_sustained_wind_speed": 0.5056936711342656
}