{
  "cross_track": -0.1605299088225149,
  "along_track": 0.16042599959221548,
  "radius_of_maximum_winds": -0.633134983469404,
  "max_sustained_wind_speed": 0.24400417400806487
}