{
  "cross_track": 0.3163864513575646,
  "along_track": 2.0536319317535088,
  "radius_of_maximum_winds": 0.3323522188385981,
  "max_sustained_wind_speed": 1.0494243144763047
}