{
  "cross_track": 0.16495144353647673,
  "along_track": -0.8625536930664036,
  "radius_of_maximum_winds": 0.2495857376407311,
  "max_sustained_wind_speed": -0.5112756634301353
}