{
  "cross_track": -1.049184933949902,
  "along_track": -1.5787803970953305,
  "radius_of_maximum_winds": 0.026962921272035034,
  "max_sustained_wind_speed": 2.1961413146558892
}