{
  "cross_track": -0.27927052581440986,
  "along_track": 1.5530728513992125,
  "radius_of_maximum_winds": 0.628356812779985,
  "max_sustained_wind_speed": -0.2619338578955854
}