{
  "cross_track": -0.8810525161500323,
  "along_track": 0.9543965697539044,
  "radius_of_maximum_winds": -0.4647049749837593,
  "max_sustained_wind_speed": 1.1731997644056296
}