{
  "cross_track": 0.23647316879381855,
  "along_track": 0.3244613866976308,
  "radius_of_maximum_winds": -0.5261347182520375,
  "max_sustained_wind_speed": -0.14026113115182445
}