{
  "cross_track": -0.02629438055532506,
  "along_track": -0.41947077042024844,
  "radius_of_maximum_winds": 0.2894324502056753,
  "max_sustained_wind_speed": -0.28948239926850905
}