{
  "cross_track": -0.7603463740513178,
  "along_track": 1.6583991935555233,
  "radius_of_maximum_winds": -0.5450184259010786,
  "max_sustained_wind_speed": 0.8041451752243735
}