{
  "cross_track": 1.7200200756953812,
  "along_track": -1.5691318030038202,
  "radius_of_maximum_winds": -0.03487441953295778,
  "max_sustained_wind_speed": -0.6892386808464592
}