{
  "cross_track": -1.5028105648937575,
  "along_track": 0.43835764262194493,
  "radius_of_maximum_winds": 0.44833704028167376,
  "max_sustained_wind_speed": 0.6576879887954298
}