{
  "cross_track": 0.2877526665017532,
  "along_track": -0.25579185892484496,
  "radius_of_maximum_winds": 0.32382215010658344,
  "max_sustained_wind_speed": -0.1565767292611517
}