{
  "cross_track": 1.7928149603968044,
  "along_track": -0.6786887378812393,
  "radius_of_maximum_winds": -0.5747835127006768,
  "max_sustained_wind_speed": 1.2722777606558908
}