{
  "cross_track": 0.17559177369796317,
  "along_track": -0.18333882241663824,
  "radius_of_maximum_winds": -0.14045153497984075,
  "max_sustained_wind_speed": 0.5682569143225558
}