{
  "cross_track": -1.2544088676593539,
  "along_track": -1.4055898884665683,
  "radius_of_maximum_winds": -0.028131260159005356,
  "max_sustained_wind_speed": -1.033430388630283
}