{
  "cross_track": 1.09281300387907,
  "along_track": -0.44569483492147893,
  "radius_of_maximum_winds": -0.0708357143988052,
  "max_sustained_wind_speed": -0.7512580157709007
}