{
  "cross_track": -0.4055184220220902,
  "along_track": 0.3374529765848065,
  "radius_of_maximum_winds": -0.9936462717137262,
  "max_sustained_wind_speed": 1.3722913021971075
}