{
  "cross_track": 2.1961225791280135,
  "along_track": 0.700204051297618,
  "radius_of_maximum_winds": 0.7413542168697029,
  "max_sustained_wind_speed": -0.5920622680793908
}