{
  "cross_track": 1.1759815340074997,
  "along_track": -0.4265652704976405,
  "radius_of_maximum_winds": 0.8982623458813814,
  "max_sustained_wind_speed": 3.2439238983253733
}