{
  "cross_track": -1.592295224480221,
  "along_track": 0.6151675042689543,
  "radius_of_maximum_winds": 0.4798337134144752,
  "max_sustained_wind_speed": -0.02248365282754983
}