{
  "cross_track": 0.539604746158242,
  "along_track": 1.1904541763818661,
  "radius_of_maximum_winds": 0.9556265787611256,
  "max_sustained_wind_speed": -0.21428394560268335
}