{
  "cross_track": -1.088219142184121,
  "along_track": 0.33896574908361393,
  "radius_of_maximum_winds": 0.8092560974791798,
  "max_sustained_wind_speed": -0.45723528132712776
}