{
  "cross_track": 0.9783015264537614,
  "along_track": 0.5936262953106776,
  "radius_of_maximum_winds": 0.1569224130549891,
  "max_sustained_wind_speed": 0.49622973501283146
}