{
  "cross_track": 0.9272246759425317,
  "along_track": 0.3281836807143319,
  "radius_of_maximum_winds": 0.7205575453271711,
  "max_sustained_wind_speed": -0.7659549802513356
}