{
  "cross_track": 0.8097529640575075,
  "along_track": 0.41572787933488986,
  "radius_of_maximum_winds": -0.8545353950900301,
  "max_sustained_wind_speed": 1.6665418870590998
}