{
  "cross_track": 0.14794211055775736,
  "along_track": -0.51181438122061,
  "radius_of_maximum_winds": -0.34606587010417966,
  "max_sustained_wind_speed": -0.14684667713057253
}