{
  "cross_track": 0.44890480799193616,
  "along_track": 1.0294732931474837,
  "radius_of_maximum_winds": -0.6339630063597239,
  "max_sustained_wind_speed": 0.6414120339552704
}