{
  "cross_track": 0.7518006733363306,
  "along_track": -0.8392174843476887,
  "radius_of_maximum_winds": 0.5696451381939993,
  "max_sustained_wind_speed": -2.1889785608919254
}