{
  "cross_track": -0.6499811653263269,
  "along_track": 0.836412192026724,
  "radius_of_maximum_winds": -0.11846213328510635,
  "max_sustained_wind_speed": -2.6338299073045364
}