{
  "cross_track": 1.1050194086680099,
  "along_track": -0.8680103155174174,
  "radius_of_maximum_winds": -0.2441634618380557,
  "max_sustained_wind_speed": -0.6968631956099606
}