{
  "cross_track": 1.1389653507464128,
  "along_track": 0.8183191643055003,
  "radius_of_maximum_winds": -0.2069075137686478,
  "max_sustained_wind_speed": 0.5376021635303457
}