{
  "cross_track": 2.0834688555990355,
  "along_track": 0.9151302790945914,
  "radius_of_maximum_winds": -0.9135926459984463,
  "max_sustained_wind_speed": 1.8230302640134175
}