{
  "cross_track": -1.486017689323369,
  "along_track": 1.297110490138111,
  "radius_of_maximum_winds": -0.8342329789431449,
  "max_sustained_wind_speed": -0.34711773566393284
}