{
  "cross_track": 0.49284886095082636,
  "along_track": 0.051342396110712944,
  "radius_of_maximum_winds": 0.40371434962380204,
  "max_sustained_wind_speed": 0.06170071030254715
}