{
  "cross_track": 0.49580864857280493,
  "along_track": 1.065107594165717,
  "radius_of_maximum_winds": 0.27344071791225466,
  "max_sustained_wind_speed": -1.4001572138086378
}