{
  "cross_track": -0.9582136116520696,
  "along_track": 1.4225412262636834,
  "radius_of_maximum_winds": 0.4913070779708204,
  "max_sustained_wind_speed": 0.731101002897436
}