{
  "cross_track": 0.09809839731499506,
  "along_track": -0.17267784599966396,
  "radius_of_maximum_winds": -0.5510139136857528,
  "max_sustained_wind_speed": 0.32801362171184834
}